{
  "temperature": 0.979826807975769,
  "valid": {
    "brier_uncal": 0.14372222952755612,
    "brier_cal": 0.14367571415209748,
    "logloss_uncal": 0.44658065216767284,
    "logloss_cal": 0.44652099814524304
  }
}