{
  "numeric_cols": [
    "TransactionAmt",
    "cnt_1h",
    "sum_amt_1h",
    "cnt_24h",
    "avg_amt_24h",
    "mean_amt_7d_hist",
    "std_amt_7d_hist",
    "z_amt_vs_7d",
    "fp_cnt_24h",
    "fp_cnt_72h",
    "fp_growth_ratio_24h_over_72h"
  ],
  "scaler_stats": {
    "means": {
      "TransactionAmt": 134.60468445421756,
      "cnt_1h": 1.490866734884936,
      "sum_amt_1h": 192.36002210078405,
      "cnt_24h": 6.447103021682282,
      "avg_amt_24h": 135.10849257376523,
      "mean_amt_7d_hist": 119.29766922453575,
      "std_amt_7d_hist": 87.61340211845388,
      "z_amt_vs_7d": 1.227962024183888,
      "fp_cnt_24h": 446.9263944225517,
      "fp_cnt_72h": 1296.1577874057464,
      "fp_growth_ratio_24h_over_72h": 0.39699167013168335
    },
    "stds": {
      "TransactionAmt": 238.0071514811432,
      "cnt_1h": 1.2482023702554847,
      "sum_amt_1h": 421.58585285163275,
      "cnt_24h": 13.066536168418542,
      "avg_amt_24h": 206.5365422885777,
      "mean_amt_7d_hist": 149.39246332580586,
      "std_amt_7d_hist": 140.96708927971707,
      "z_amt_vs_7d": 253.50880224034665,
      "fp_cnt_24h": 428.502311745692,
      "fp_cnt_72h": 1213.3462178990062,
      "fp_growth_ratio_24h_over_72h": 0.17889244854450226
    }
  },
  "entity_buckets": 1048576,
  "fingerprint_buckets": 262144
}